ID,Name,Age,Average,Predicted,Price,Position,Games,Drafted,Ignored
0,Nick Daicos,21,104.7,104.7,1074000,mid,23,0,0
1,Rowan Marshall,29,117.1,117.1,1201000,ruck,23,0,0
2,Tristan Xerri,25,114.5,114.5,1175000,ruck,23,0,0
3,Luke Ryan,28,102.1,102.1,1048000,def,23,0,0
4,Lachie Whitfield,30,111.7,111.7,1146000,def,23,0,0
5,Andrew Brayshaw,25,104.6,104.6,1073000,mid,23,0,0
6,Tom Green,23,99.9,99.9,1025000,mid,23,0,0
7,Sam Walsh,24,106.1,106.1,1089000,mid,19,0,0
8,Errol Gulden,22,108.5,108.5,1113000,mid,23,0,0
9,Nic Newman,31,102.6,102.6,1052000,def,23,0,0
10,Noah Anderson,23,103.9,103.9,1067000,mid,23,0,0
11,Max Gawn,33,111.8,111.8,1147000,ruck,21,0,0
12,Harry Sheezel,20,112.1,112.1,1151000,def,21,0,0
13,Dayne Zorko,35,110.3,110.3,1131000,def,23,0,0
14,Patrick Cripps,29,100,100,1026000,mid,23,0,0
15,Jack Steele,29,106.6,106.6,1094000,mid,23,0,0
16,Zach Merrett,29,108.8,108.8,1116000,mid,23,0,0
17,Adam Treloar,31,110,110,1129000,mid,22,0,0
18,Nic Martin,23,107.2,107.2,1100000,def,23,0,0
19,Josh Dunkley,27,107.4,107.4,1102000,mid,23,0,0
20,Nasiah Wanganeen-Milera,21,97.7,97.7,1003000,def,22,0,0
21,Matt Crouch,29,101.9,101.9,1046000,mid,15,0,0
22,Jai Newcombe,23,85.8,85.8,880000,mid,23,0,0
23,Jordan Dawson,27,105.3,105.3,1080000,mid,22,0,0
24,Matt Rowell,23,93.7,93.7,962000,mid,23,0,0
25,Caleb Serong,23,103.9,103.9,1067000,mid,23,0,0
26,Lachie Neale,31,101,101,1038000,mid,22,0,0
27,Colby McKercher,19,82.3,82.3,845000,def,16,0,0
28,Tim Taranto,26,95.5,95.5,980000,mid,15,0,0
29,Reilly O'Brien,29,91,91,934000,ruck,21,0,0
30,Brodie Grundy,30,97.1,97.1,997000,ruck,23,0,0
31,Zak Butters,24,106.1,106.1,1089000,mid,23,0,0
32,Marcus Bontempelli,29,107.3,107.3,1101000,mid,23,0,0
33,Tom Mitchell,31,77.8,77.8,829000,mid,6,0,0
34,Josh Daicos,26,94.8,94.8,973000,mid,23,0,0
35,Jack Sinclair,29,101.9,101.9,1046000,def,22,0,0
36,Luke Davies-Uniacke,25,95.9,95.9,984000,mid,23,0,0
37,Toby Nankervis,30,100.6,100.6,1032000,ruck,21,0,0
38,Tim English,27,104.6,104.6,1074000,ruck,22,0,0
39,Sam Flanders,23,107.8,107.8,1106000,def,22,0,0
40,Oscar McInerney,30,85.6,85.6,879000,ruck,22,0,0
41,Rory Laird,31,99.3,99.3,1019000,mid,23,0,0
42,Jarrod Witts,32,96.3,96.3,988000,ruck,16,0,0
43,George Hewett,29,83,83,852000,mid,21,0,0
44,Lloyd Meek,26,88.4,88.4,907000,ruck,19,0,0
45,Hugh McCluggage,26,97.3,97.3,999000,mid,23,0,0
46,Isaac Heeney,28,105.2,105.2,1079000,mid,21,0,0
47,Jayden Short,28,80.5,80.5,825000,def,22,0,0
48,Touk Miller,28,93.1,93.1,955000,mid,18,0,0
49,Darcy Parish,27,91.6,91.6,940000,mid,12,0,0
50,James Rowbottom,24,84.7,84.7,869000,mid,21,0,0
51,Jordan Ridley,26,88.4,88.4,880000,def,9,0,0
52,Jordon Sweet,26,81.7,81.7,838000,ruck,14,0,0
53,Jye Caldwell,24,94.3,94.3,969000,mid,23,0,0
54,Ollie Wines,30,90.8,90.8,930000,mid,22,0,0
55,Chad Warner,23,93.7,93.7,961000,mid,22,0,0
56,Tom Stewart,31,87.6,87.6,899000,def,22,0,0
57,Jack Viney,30,87.4,87.4,897000,mid,23,0,0
58,Jordan Clark,24,96.9,96.9,994000,def,23,0,0
59,Dan Houston,27,94,94,964000,def,22,0,0
60,Christian Petracca,28,90.2,90.2,923000,mid,13,0,0
61,Connor Rozee,24,97.1,97.1,996000,mid,20,0,0
62,Bailey Dale,28,92.6,92.6,950000,def,23,0,0
63,Will Ashcroft,20,84.7,84.7,843000,mid,9,0,0
64,Clayton Oliver,27,77.7,77.7,797000,mid,21,0,0
65,Hayden Young,23,92.9,92.9,953000,mid,23,0,0
66,Josh Kelly,29,95.2,95.2,977000,mid,15,0,0
67,Lachlan Sholl,24,85.3,85.3,875000,mid,20,0,0
68,Elliot Yeo,31,90.9,90.9,933000,mid,20,0,0
69,Mason Redman,27,83.9,83.9,860000,def,21,0,0
70,Tim Kelly,30,85.9,85.9,881000,mid,20,0,0
71,Max Holmes,22,94.5,94.5,969000,def,23,0,0
72,Liam Duggan,28,88.7,88.7,910000,def,21,0,0
73,Zac Fisher,26,82.4,82.4,846000,def,18,0,0
74,Massimo D'Ambrosio,21,77.8,77.8,798000,mid,22,0,0
75,Kieren Briggs,25,91.5,91.5,938000,ruck,22,0,0
76,Tom Liberatore,32,87.5,87.5,898000,mid,17,0,0
77,Will Setterfield,26,99,99,833000,mid,4,0,0
78,Sam Docherty,31,48,48,782000,mid,1,0,0
79,Nick Vlastuin,30,81.5,81.5,836000,def,22,0,0
80,Will Brodie,26,0,0,481000,mid,0,0,0
81,Karl Amon,29,87,87,892000,def,23,0,0
82,Jacob Hopper,27,82.5,82.5,846000,mid,12,0,0
83,Jake Lloyd,31,75.9,75.9,779000,def,23,0,0
84,Dylan Moore,25,92,92,944000,fwd,23,0,0
85,James Sicily,29,87.4,87.4,896000,def,20,0,0
86,Darcy Cameron,29,96.2,96.2,987000,ruck,23,0,0
87,Sean Darcy,26,77.8,77.8,798000,ruck,12,0,0
88,Matt Roberts,21,76.1,76.1,780000,def,20,0,0
89,James Worpel,25,77.6,77.6,796000,mid,23,0,0
90,Willem Drew,26,85.3,85.3,876000,mid,23,0,0
91,Blake Acres,29,88.6,88.6,909000,mid,22,0,0
92,Jarrod Berry,26,84.5,84.5,865000,mid,23,0,0
93,Bailey Scott,24,80,80,821000,mid,23,0,0
94,Ed Langdon,28,79.3,79.3,814000,mid,22,0,0
95,Andrew McGrath,26,84.2,84.2,864000,def,23,0,0
96,Daniel Rioli,27,83.5,83.5,857000,def,23,0,0
97,Finn Callaghan,21,76.9,76.9,789000,mid,22,0,0
98,Will Day,23,74.1,74.1,760000,mid,16,0,0
99,Jason Horne-Francis,21,89.5,89.5,919000,fwd,21,0,0
100,Jack Crisp,31,83.1,83.1,852000,mid,23,0,0
101,Ed Richards,25,86,86,882000,mid,20,0,0
102,Jesse Hogan,29,76.8,76.8,788000,fwd,23,0,0
103,Christian Salem,29,80.3,80.3,824000,def,17,0,0
104,Stephen Coniglio,31,76.9,76.9,789000,mid,13,0,0
105,Dion Prestia,32,72.4,72.4,743000,mid,13,0,0
106,Jy Simpkin,26,76.2,76.2,781000,fwd,18,0,0
107,Steele Sidebottom,33,73,73,749000,mid,22,0,0
108,Jeremy Cameron,31,84,84,862000,fwd,22,0,0
109,Sam Durham,23,83,83,851000,mid,22,0,0
110,George Wardlaw,20,78.2,78.2,803000,mid,18,0,0
111,Dylan Shiel,31,77.2,77.2,769000,mid,9,0,0
112,Nick Blakey,24,82,82,841000,def,23,0,0
113,Ned Moyle,22,77.6,77.6,749000,ruck,8,0,0
114,Bailey Smith,24,0,0,598000,fwd,0,0,0
115,Jack Bowes,26,78.5,78.5,805000,mid,20,0,0
116,Charlie Curnow,27,73.9,73.9,758000,fwd,21,0,0
117,Jake Soligo,21,76.9,76.9,789000,mid,23,0,0
118,Matthew Kennedy,27,77.1,77.1,791000,fwd,23,0,0
119,Alex Neal-Bullen,28,79,79,811000,fwd,23,0,0
120,Xavier Duursma,24,81.8,81.8,839000,mid,15,0,0
121,Trent Rivers,23,82,82,841000,def,23,0,0
122,Jeremy Sharp,23,73,73,749000,mid,23,0,0
123,Adam Cerra,25,72.6,72.6,745000,mid,12,0,0
124,Zach Guthrie,26,75,75,770000,def,23,0,0
125,Scott Pendlebury,36,79.2,79.2,812000,mid,20,0,0
126,Lawson Humphries,21,70.9,70.9,706000,def,9,0,0
127,Lachie Ash,23,77.4,77.4,794000,def,17,0,0
128,Jordan De Goey,28,79.8,79.8,819000,mid,13,0,0
129,Cameron Guthrie,32,63.3,63.3,731000,mid,4,0,0
130,Harry Himmelberg,28,80.4,80.4,825000,def,23,0,0
131,Nick Haynes,32,71.5,71.5,690000,def,8,0,0
132,Bailey J. Williams,24,63.8,63.8,656000,ruck,23,0,0
133,Ned Reeves,26,52.3,52.3,512000,ruck,4,0,0
134,Tom Powell,22,78.7,78.7,807000,mid,23,0,0
135,Matt Flynn,27,61,61,622000,ruck,4,0,0
136,Jase Burgoyne,21,76.6,76.6,785000,mid,20,0,0
137,Hunter Clark,25,73.5,73.5,754000,mid,11,0,0
138,Patrick Dangerfield,34,79.6,79.6,816000,mid,14,0,0
139,Mitchell Hinge,26,82.7,82.7,849000,def,22,0,0
140,Callum Mills,27,69.8,69.8,759000,def,6,0,0
141,Steven May,32,75.8,75.8,778000,def,19,0,0
142,Gryan Miers,25,85.2,85.2,874000,fwd,23,0,0
143,Sam Berry,22,58.9,58.9,604000,mid,18,0,0
144,Rhys Stanley,34,65.6,65.6,673000,ruck,12,0,0
145,Harry Morrison,26,56.5,56.5,580000,mid,10,0,0
146,Conor Nash,26,73.9,73.9,758000,mid,23,0,0
147,Mason Wood,31,82.6,82.6,847000,fwd,18,0,0
148,Harry McKay,27,81.9,81.9,840000,fwd,20,0,0
149,Kieran Strachan,29,70,70,546000,ruck,2,0,0
150,Darcy Fort,31,69.5,69.5,542000,ruck,2,0,0
151,Angus Sheldrick,21,0,0,448000,mid,0,0,0
152,Kane Farrell,25,78.4,78.4,804000,def,22,0,0
153,Ryan Burton,27,65.6,65.6,673000,def,13,0,0
154,Bailey Williams,27,75.3,75.3,773000,mid,23,0,0
155,Jason Johannisen,32,83.8,83.8,834000,def,9,0,0
156,Tom De Koning,25,87.8,87.8,900000,ruck,17,0,0
157,Oliver Florent,26,76.5,76.5,785000,def,23,0,0
158,Shaun Mannagh,27,72.9,72.9,748000,fwd,10,0,0
159,Mitch Duncan,33,77.5,77.5,795000,def,20,0,0
160,Caleb Daniel,28,50.1,50.1,514000,fwd,15,0,0
161,Jeremy McGovern,32,80.4,80.4,825000,def,19,0,0
162,Jack Ross,24,63.7,63.7,668000,mid,7,0,0
163,Todd Goldstein,36,59.9,59.9,614000,ruck,14,0,0
164,Ivan Soldo,28,72.5,72.5,758000,ruck,8,0,0
165,Connor Macdonald,21,78,78,800000,fwd,23,0,0
166,Tom Atkins,29,71.3,71.3,732000,mid,20,0,0
167,Connor Idun,24,72.6,72.6,745000,def,23,0,0
168,Brent Daniels,25,85.9,85.9,881000,fwd,21,0,0
169,Elijah Hollands,22,74.9,74.9,769000,fwd,21,0,0
170,Jack Billings,29,63.6,63.6,652000,fwd,16,0,0
171,Wil Powell,25,74.7,74.7,767000,def,18,0,0
172,Jack Macrae,30,71.4,71.4,732000,fwd,18,0,0
173,Brayden Fiorini,27,73.8,73.8,758000,mid,12,0,0
174,Darcy Wilmot,21,75.1,75.1,771000,def,23,0,0
175,Izak Rankine,24,79.8,79.8,819000,fwd,15,0,0
176,Tanner Bruhn,22,70.5,70.5,723000,mid,15,0,0
177,John Noble,27,74.4,74.4,763000,def,20,0,0
178,James Peatling,24,61.8,61.8,634000,mid,17,0,0
179,Keidean Coleman,24,34,34,521000,def,1,0,0
180,Callan Ward,34,71.9,71.9,738000,mid,18,0,0
181,Jake Waterman,26,76.6,76.6,785000,fwd,20,0,0
182,Luke Jackson,23,78.6,78.6,807000,fwd,23,0,0
183,Patrick Lipinski,26,68.7,68.7,705000,fwd,23,0,0
184,Justin McInerney,24,79,79,811000,mid,17,0,0
185,Ben Keays,27,76.7,76.7,786000,fwd,23,0,0
186,Marc Pittonet,28,68.3,68.3,701000,ruck,13,0,0
187,Travis Boak,36,75,75,769000,mid,20,0,0
188,Will Phillips,22,59.4,59.4,609000,mid,11,0,0
189,Tom Sparrow,24,64.9,64.9,665000,mid,21,0,0
190,Jarman Impey,29,77.7,77.7,798000,def,23,0,0
191,Shai Bolton,26,73.5,73.5,754000,fwd,22,0,0
192,Jaime Uhr-Henry,21,0,0,230000,ruck,0,0,0
193,Liam Baker,26,78.5,78.5,805000,fwd,18,0,0
194,Miles Bergman,23,75.1,75.1,770000,def,23,0,0
195,Billy Dowling,20,68.1,68.1,678000,mid,9,0,0
196,Callum Wilkie,28,73.9,73.9,758000,def,23,0,0
197,Brayden Maynard,28,71,71,729000,def,23,0,0
198,Jake Bowey,22,62.5,62.5,641000,def,14,0,0
199,Oliver Dempsey,21,72.8,72.8,747000,mid,23,0,0
200,Jack Scrimshaw,26,67.6,67.6,694000,def,22,0,0
201,Heath Chapman,22,65.6,65.6,673000,def,16,0,0
202,Peter Ladhams,26,37,37,571000,fwd,1,0,0
203,Bradley Hill,31,74.2,74.2,762000,fwd,22,0,0
204,Lachlan Smith,19,0,0,230000,ruck,0,0,0
205,Ryley Sanders,19,63.9,63.9,656000,fwd,14,0,0
206,Max Heath,22,0,0,230000,fwd,0,0,0
207,Mate Colina,25,0,0,230000,ruck,0,0,0
208,Alex Dodson ,18,0,0,230000,ruck,0,0,0
209,Oliver Hayes-Brown,24,0,0,230000,ruck,0,0,0
210,Marcus Windhager,21,70.4,70.4,722000,mid,15,0,0
211,Taylor Goad,19,0,0,230000,ruck,0,0,0
212,Sam Clohesy,22,65.8,65.8,675000,mid,20,0,0
213,Jaeger O'Meara,30,62,62,636000,mid,22,0,0
214,Zac Bailey,25,69.1,69.1,709000,fwd,18,0,0
215,Harry Perryman,26,74,74,759000,def,19,0,0
216,Ryan Byrnes,23,66.6,66.6,683000,mid,15,0,0
217,William Green,19,0,0,230000,ruck,0,0,0
218,Adam Saad,30,70.9,70.9,727000,def,17,0,0
219,Dom Sheed,29,44.6,44.6,864000,mid,8,0,0
220,Rory Atkins,30,42,42,606000,def,3,0,0
221,Zak Jones,29,57.4,57.4,589000,mid,13,0,0
222,Oliver Hollands,20,62.4,62.4,640000,mid,22,0,0
223,Nick Bryan,23,71.4,71.4,623000,ruck,5,0,0
224,Toby Conway,21,75.2,75.2,656000,ruck,5,0,0
225,Josh Battle,26,73.7,73.7,757000,def,23,0,0
226,Luke Parker,32,65.9,65.9,839000,fwd,7,0,0
227,James Harmes,29,69.9,69.9,674000,fwd,8,0,0
228,Lachlan Bramble,26,68.7,68.7,704000,def,23,0,0
229,Max Knobel,20,0,0,230000,ruck,0,0,0
230,James Aish,29,65.2,65.2,668000,def,20,0,0
231,Will Verrall,20,0,0,230000,ruck,0,0,0
232,Caleb Poulter,22,62.7,62.7,586000,mid,7,0,0
233,Isaac Cumming,26,61.3,61.3,575000,mid,4,0,0
234,Toby Greene,31,73.2,73.2,751000,fwd,22,0,0
235,Blake Hardwick,27,64.7,64.7,664000,def,23,0,0
236,Josh Ward,21,56.2,56.2,577000,mid,10,0,0
237,Harley Reid,19,66.7,66.7,685000,mid,20,0,0
238,Matthew Johnson,21,62,62,636000,mid,19,0,0
239,Taylor Adams,31,67.5,67.5,693000,fwd,19,0,0
240,Wayne Milera,27,62.3,62.3,579000,def,3,0,0
241,Jack Graham,26,64.5,64.5,662000,fwd,14,0,0
242,Jack Ginnivan,22,73.6,73.6,755000,fwd,21,0,0
243,Mitch McGovern,30,69.4,69.4,712000,def,17,0,0
244,Lachie Weller,28,66.2,66.2,756000,def,6,0,0
245,Archie Perkins,22,65.2,65.2,667000,mid,18,0,0
246,Nathan O'Driscoll,22,50.5,50.5,441000,mid,2,0,0
247,Josh Treacy,22,75.9,75.9,778000,fwd,20,0,0
248,Logan Evans,19,69.6,69.6,714000,def,10,0,0
249,Paddy Dow,25,63.3,63.3,649000,mid,10,0,0
250,Luke Nankervis,21,64.5,64.5,662000,def,20,0,0
251,Bodhi Uwland,21,61.5,61.5,631000,def,21,0,0
252,Jeremy Howe,34,64.5,64.5,662000,def,19,0,0
253,Joel Freijah,19,61.1,61.1,627000,def,12,0,0
254,Coen Livingstone,19,0,0,230000,fwd,0,0,0
255,Harry Barnett,20,29,29,230000,ruck,1,0,0
256,Mark Blicavs,33,68.6,68.6,704000,mid,22,0,0
257,Alex Davies,22,66.1,66.1,618000,mid,7,0,0
258,Kyle Langford,28,70.6,70.6,724000,fwd,23,0,0
259,Will Graham,19,58.6,58.6,601000,mid,17,0,0
260,Aaron Naughton,25,60.2,60.2,618000,fwd,19,0,0
261,Tom Papley,28,68.3,68.3,701000,fwd,18,0,0
262,Ryan Lester,32,65.1,65.1,668000,def,23,0,0
263,Brodie Smith,32,64.1,64.1,657000,def,15,0,0
264,Mattaes Phillipou,20,63.9,63.9,656000,fwd,13,0,0
265,Darcy Tucker,27,68.5,68.5,703000,def,23,0,0
266,Sam Darcy,21,75.9,75.9,778000,fwd,20,0,0
267,Kysaiah Pickett,23,66,66,677000,fwd,21,0,0
268,Archie Roberts,19,85,85,715000,def,4,0,0
269,Ben King,24,53.2,53.2,546000,fwd,22,0,0
270,Zac Taylor,21,42.9,42.9,427000,fwd,9,0,0
271,Conor McKenna,28,60.4,60.4,619000,def,14,0,0
272,Cam Rayner,25,67.6,67.6,693000,fwd,23,0,0
273,Darcy Wilson,19,65.4,65.4,671000,fwd,23,0,0
274,Luke McDonald,29,60.3,60.3,619000,def,22,0,0
275,Ben Ainsworth,26,65.1,65.1,668000,fwd,17,0,0
276,Thomson Dow,23,51.6,51.6,529000,mid,17,0,0
277,Tom Barrass,29,58.7,58.7,602000,def,18,0,0
278,Kai Lohmann,21,59.8,59.8,613000,fwd,23,0,0
279,Jacob Weitering,27,64.8,64.8,665000,def,21,0,0
280,Mitch Georgiades,23,63.5,63.5,652000,fwd,17,0,0
281,Nat Fyfe,33,59.8,59.8,613000,mid,22,0,0
282,Noah Answerth,25,51,51,523000,def,12,0,0
283,Toby Bedford,24,57.6,57.6,591000,fwd,22,0,0
284,Kayle Gerreyn ,18,0,0,232000,ruck,0,0,0
285,Oskar Baker,26,56.3,56.3,544000,mid,6,0,0
286,Nathan Broad,31,61.6,61.6,632000,def,22,0,0
287,Nicholas Madden,20,0,0,230000,ruck,0,0,0
288,Logan Smith,18,0,0,230000,ruck,0,0,0
289,Max Michalanney,20,65.2,65.2,669000,def,23,0,0
290,Josh Rachele,21,64.4,64.4,661000,fwd,22,0,0
291,Alex Sexton,31,76.3,76.3,783000,def,15,0,0
292,Cam Mackenzie,20,58.3,58.3,598000,mid,20,0,0
293,Finn Maginness,23,49.2,49.2,505000,fwd,11,0,0
294,Dante Visentini,21,54.7,54.7,443000,ruck,3,0,0
295,Liam Reidy,24,51.5,51.5,402000,ruck,2,0,0
296,Jaspa Fletcher,20,60.4,60.4,620000,mid,23,0,0
297,Jamie Cripps,32,71,71,729000,fwd,23,0,0
298,Connor Budarick,23,61.3,61.3,709000,def,8,0,0
299,Neil Erasmus,21,25.8,25.8,435000,fwd,4,0,0
300,Charlie Cameron,30,58.6,58.6,601000,fwd,23,0,0
301,Sam Draper,26,67,67,687000,ruck,16,0,0
302,Taylor Walker,34,61.9,61.9,635000,fwd,18,0,0
303,Jayden Hunt,29,62.3,62.3,639000,def,20,0,0
304,Max King,24,51.4,51.4,528000,fwd,12,0,0
305,Tim Membrey,30,62.5,62.5,641000,fwd,19,0,0
306,Aiden Riddle,19,0,0,230000,ruck,0,0,0
307,Dylan Williams,23,40,40,523000,def,5,0,0
308,Tom Lynch,32,40.8,40.8,435000,fwd,4,0,0
309,Chayce Jones,24,59.8,59.8,613000,mid,16,0,0
310,Brady Hough,21,58.5,58.5,600000,def,23,0,0
311,Corey Wagner,27,61.2,61.2,628000,def,12,0,0
312,Cameron Zurhaar,26,66.4,66.4,681000,fwd,22,0,0
313,Jamarra Ugle-Hagan,22,62.4,62.4,640000,fwd,21,0,0
314,Jack Gunston,33,56.1,56.1,575000,fwd,16,0,0
315,Hudson O'Keeffe,20,0,0,230000,ruck,0,0,0
316,Elijah Tsatas,20,36.7,36.7,600000,mid,7,0,0
317,Sam Switkowski,28,69.1,69.1,708000,fwd,20,0,0
318,James Jordon,24,60.9,60.9,625000,fwd,23,0,0
319,Cooper Lord,19,69.5,69.5,542000,mid,2,0,0
320,Oscar Steene,21,0,0,230000,fwd,0,0,0
321,Iliro Smit,19,0,0,230000,ruck,0,0,0
322,Jake Stringer,30,65.9,65.9,676000,fwd,23,0,0
323,Josh Worrell,23,68.7,68.7,705000,def,13,0,0
324,Taylor Duryea,33,61,61,625000,def,21,0,0
325,Will Hayward,26,66.2,66.2,679000,fwd,23,0,0
326,Mitchell Edwards,19,0,0,230000,ruck,0,0,0
327,Jacob Molier,18,0,0,230000,ruck,0,0,0
328,Joe Pike,19,0,0,230000,ruck,0,0,0
329,Mitch Lewis,26,43.8,43.8,605000,fwd,4,0,0
330,Dylan Stephens,23,47.7,47.7,489000,mid,16,0,0
331,Tom Cole,27,64,64,656000,def,23,0,0
332,Mark Keane,24,63,63,646000,def,21,0,0
333,Reuben Ginbey,20,60.1,60.1,617000,mid,23,0,0
334,Jamie Elliott,32,64.2,64.2,659000,fwd,15,0,0
335,Harris Andrews,28,63.5,63.5,651000,def,22,0,0
336,Tyson Stengle,26,64.3,64.3,660000,fwd,23,0,0
337,Joel Jeffrey,22,58.8,58.8,604000,def,12,0,0
338,Cody Weightman,23,61.2,61.2,628000,fwd,16,0,0
339,Bruce Reville,23,47.8,47.8,491000,mid,12,0,0
340,Tom Doedee,27,0,0,399000,def,0,0,0
341,Jack Higgins,25,60.9,60.9,624000,fwd,20,0,0
342,Lincoln McCarthy,31,61.5,61.5,593000,fwd,8,0,0
343,Harry Cunningham,31,52.6,52.6,539000,def,20,0,0
344,Logan McDonald,22,58.8,58.8,604000,fwd,23,0,0
345,Darcy Fogarty,25,58.6,58.6,601000,fwd,23,0,0
346,Jaxon Binns,20,48.7,48.7,394000,mid,3,0,0
347,Tom Campbell,33,40.5,40.5,316000,ruck,2,0,0
348,James Trezise,22,50.7,50.7,719000,def,7,0,0
349,Jack Lukosius,24,61.3,61.3,629000,fwd,21,0,0
350,Nick Coffield,25,41.9,41.9,404000,def,8,0,0
351,Jayden Laverde,28,63.9,63.9,655000,def,21,0,0
352,Judd McVee,21,59,59,605000,def,23,0,0
353,Braeden Campbell,22,47.8,47.8,490000,mid,20,0,0
354,Tom McDonald,32,63.1,63.1,648000,def,22,0,0
355,Oliver Henry,22,45.2,45.2,464000,fwd,21,0,0
356,Nick Larkey,26,55.3,55.3,567000,fwd,23,0,0
357,Zac Williams,30,60.8,60.8,624000,def,18,0,0
358,Peter Wright,28,64.4,64.4,661000,fwd,14,0,0
359,Luke Breust,34,38.3,38.3,393000,fwd,17,0,0
360,Brandon Starcevich,25,46.7,46.7,479000,def,17,0,0
361,Nick Watson,19,55.5,55.5,569000,fwd,16,0,0
362,Eric Hipwood,27,61.4,61.4,630000,fwd,20,0,0
363,Mason Cox,33,50.4,50.4,517000,fwd,16,0,0
364,Callum Ah Chee,27,59.3,59.3,609000,fwd,22,0,0
365,Mark O'Connor,27,54.8,54.8,563000,def,13,0,0
366,Lachie Schultz,27,62.2,62.2,638000,fwd,20,0,0
367,Jack Silvagni,27,0,0,455000,fwd,0,0,0
368,Caleb Windsor,19,59,59,605000,mid,19,0,0
369,Marty Hore,28,52.2,52.2,471000,def,6,0,0
370,Liam Ryan,28,58.4,58.4,600000,fwd,16,0,0
371,Oscar Allen,25,56.5,56.5,580000,fwd,11,0,0
372,Will Hoskin-Elliott,31,58.7,58.7,602000,fwd,20,0,0
373,Jack Darling,32,53.6,53.6,550000,fwd,21,0,0
374,Liam Henry,23,57.3,57.3,588000,fwd,12,0,0
375,Ned Long,21,45.1,45.1,421000,mid,7,0,0
376,Riley Thilthorpe,22,68.3,68.3,638000,fwd,7,0,0
377,Changkuoth Jiath,25,47.9,47.9,492000,mid,11,0,0
378,Nik Cox,22,52.9,52.9,543000,mid,20,0,0
379,Jake Riccardi,25,59.7,59.7,613000,fwd,19,0,0
380,Isaac Quaynor,24,53.2,53.2,546000,def,23,0,0
381,Ben Hobbs,21,48.2,48.2,498000,fwd,12,0,0
382,Bobby Hill,24,56.1,56.1,576000,fwd,23,0,0
383,David Swallow,32,41.3,41.3,424000,def,20,0,0
384,Matthew Cottrell,24,49.9,49.9,512000,fwd,14,0,0
385,Kamdyn McIntosh,30,47.4,47.4,486000,mid,22,0,0
386,Kane McAuliffe,19,39.8,39.8,396000,mid,9,0,0
387,Eddie Ford,22,53.7,53.7,551000,fwd,18,0,0
388,Todd Marshall,26,53.6,53.6,550000,fwd,18,0,0
389,Jhye Clark,20,47.3,47.3,485000,mid,15,0,0
390,Sam Banks,21,43.7,43.7,448000,mid,15,0,0
391,Mitch Owens,21,57.3,57.3,588000,fwd,23,0,0
392,Kade Chandler,24,61.1,61.1,627000,fwd,23,0,0
393,Riley Garcia,23,62.9,62.9,645000,fwd,11,0,0
394,Jimmy Webster,31,58.8,58.8,603000,def,15,0,0
395,Sam Powell-Pepper,26,56.7,56.7,498000,fwd,3,0,0
396,Henry Hustwaite,20,22.8,22.8,526000,mid,4,0,0
397,Jaxon Prior,23,42.5,42.5,362000,def,4,0,0
398,Aliir Aliir,30,62.1,62.1,638000,def,22,0,0
399,Rhylee West,24,59.6,59.6,612000,fwd,21,0,0
400,Jacob Wehr,26,54.3,54.3,557000,mid,11,0,0
401,Ben Paton,26,25.8,25.8,458000,def,4,0,0
402,Brodie Kemp,23,66.7,66.7,684000,def,20,0,0
403,Jye Amiss,21,49.5,49.5,508000,fwd,22,0,0
404,Brandon Walker,22,55.1,55.1,565000,def,19,0,0
405,Hugo Ralphsmith,23,53.7,53.7,551000,mid,18,0,0
406,Mitch Knevitt,21,41.3,41.3,431000,mid,4,0,0
407,Samson Ryan,24,35.5,35.5,450000,fwd,8,0,0
408,Jackson Mead,23,60.3,60.3,619000,fwd,23,0,0
409,Paul Curtis,21,56.5,56.5,578000,fwd,23,0,0
410,Cody Anderson,18,0,0,230000,mid,0,0,0
411,Dane Rampe,34,47.3,47.3,485000,def,18,0,0
412,Josh Goater,21,32,32,408000,def,1,0,0
413,Harvey Gallagher,21,54.8,54.8,562000,mid,19,0,0
414,Arie Schoenmaker,19,58.8,58.8,494000,def,4,0,0
415,Jade Gresham,27,54.9,54.9,563000,fwd,22,0,0
416,Cooper Sharman,24,50.2,50.2,515000,fwd,18,0,0
417,Tom Fullarton,25,0,0,278000,fwd,0,0,0
418,Clay Hall,19,33,33,267000,mid,3,0,0
419,Nick Holman,29,49.1,49.1,505000,fwd,21,0,0
420,Bailey Banfield,26,62.2,62.2,638000,fwd,22,0,0
421,Lachlan Murphy,26,52.8,52.8,542000,fwd,17,0,0
422,Bayley Fritsch,28,50.1,50.1,514000,fwd,23,0,0
423,Darcy Byrne-Jones,29,56.7,56.7,582000,fwd,23,0,0
424,Brody Mihocek,31,58.6,58.6,602000,fwd,11,0,0
425,Michael Walters,33,44.2,44.2,454000,fwd,17,0,0
426,Ryan Gardner,27,0,0,279000,def,0,0,0
427,Jordan Boyd,26,58.6,58.6,601000,def,19,0,0
428,Angus McLennan,21,54,54,421000,def,2,0,0
429,Jack Ough,18,0,0,235000,mid,0,0,0
430,Josaia Delana,18,0,0,230000,mid,0,0,0
431,James Leake,19,0,0,230000,def,0,0,0
432,Liam Stocker,24,50.7,50.7,520000,def,16,0,0
433,Quinton Narkle,27,37.1,37.1,381000,fwd,10,0,0
434,Xavier Lindsay,18,0,0,310000,mid,0,0,0
435,Harvey Langford ,18,0,0,325000,mid,0,0,0
436,Darcy Jones,20,54.8,54.8,562000,fwd,12,0,0
437,Oliver Hannaford,18,0,0,289000,fwd,0,0,0
438,Cody Angove ,18,0,0,271000,fwd,0,0,0
439,Lachlan Cowan,20,56.5,56.5,580000,def,16,0,0
440,Lachlan Keeffe,34,52.7,52.7,427000,ruck,3,0,0
441,Jack Carroll,22,40.1,40.1,411000,fwd,15,0,0
442,Elijah Hewett,20,0,0,332000,fwd,0,0,0
443,Daniel McStay,29,56.2,56.2,490000,fwd,5,0,0
444,Joe Richards,25,50.9,50.9,506000,fwd,9,0,0
445,Matt Guelfi,27,56.8,56.8,583000,fwd,13,0,0
446,Cooper Hynes,18,0,0,283000,mid,0,0,0
447,Luke Kennedy,18,0,0,230000,mid,0,0,0
448,Hugh Boxshall,18,0,0,230000,mid,0,0,0
449,Lucas Camporeale,18,0,0,230000,mid,0,0,0
450,Ben Camporeale,18,0,0,230000,mid,0,0,0
451,Jagga Smith ,18,0,0,334000,mid,0,0,0
452,Isaac Kako,18,0,0,304000,fwd,0,0,0
453,Archer Day-Wicks,18,0,0,230000,fwd,0,0,0
454,Finn O'Sullivan ,18,0,0,337000,mid,0,0,0
455,Luke Urquhart,18,0,0,230000,mid,0,0,0
456,Ryan Angwin,22,56,56,471000,mid,4,0,0
457,Finlay Macrae,22,39.9,39.9,468000,fwd,9,0,0
458,Michael Frederick,24,49.2,49.2,504000,fwd,20,0,0
459,Brennan Cox,26,51.8,51.8,696000,def,9,0,0
460,Hugo Garcia,19,43.6,43.6,421000,fwd,8,0,0
461,Harry Sharp,22,45.7,45.7,536000,mid,6,0,0
462,Charlie Comben,23,60.5,60.5,622000,def,19,0,0
463,Blake Howes,21,52.3,52.3,537000,def,16,0,0
464,Saad El-Hawli,23,0,0,230000,def,0,0,0
465,Zak Johnson,18,0,0,230000,mid,0,0,0
466,Rhys Unwin,18,0,0,230000,mid,0,0,0
467,Reece Torrent,19,0,0,230000,mid,0,0,0
468,Sam Marshall,18,0,0,268000,mid,0,0,0
469,Levi Ashcroft,18,0,0,328000,mid,0,0,0
470,Beau McCreery,23,53.1,53.1,544000,fwd,17,0,0
471,Koltyn Tholstrup,19,54.5,54.5,559000,fwd,10,0,0
472,Jack Henry,26,54.5,54.5,559000,def,23,0,0
473,Ben Long,27,55.9,55.9,573000,fwd,17,0,0
474,Brad Close,26,55.9,55.9,574000,fwd,23,0,0
475,George Stevens,19,0,0,230000,mid,0,0,0
476,Xavier Ivisic,18,0,0,230000,mid,0,0,0
477,Patrick Retschko,18,0,0,230000,mid,0,0,0
478,Jack Martin,29,31,31,438000,fwd,3,0,0
479,Max Hall,22,0,0,230000,fwd,0,0,0
480,Patrick Said,18,0,0,230000,fwd,0,0,0
481,Murphy Reid ,18,0,0,292000,mid,0,0,0
482,Bailey Laurie,22,35.8,35.8,324000,fwd,6,0,0
483,Jayden Nguyen,18,0,0,230000,def,0,0,0
484,Harrison Jones,23,54.8,54.8,562000,fwd,21,0,0
485,Geordie Payne,19,0,0,230000,fwd,0,0,0
486,River Stevens,18,0,0,230000,fwd,0,0,0
487,Jake Lever,28,56.1,56.1,576000,def,18,0,0
488,Miller Bergman,21,31.7,31.7,364000,def,3,0,0
489,Rhyan Mansell,24,54.8,54.8,562000,fwd,21,0,0
490,Harry Schoenberg,23,41.8,41.8,427000,fwd,4,0,0
491,Josh Fahey,21,0,0,242000,def,0,0,0
492,Jack Buckley,27,60.5,60.5,620000,def,21,0,0
493,Noah Balta,25,60.8,60.8,624000,def,19,0,0
494,Sam Lalor ,18,0,0,340000,mid,0,0,0
495,Josh Smillie ,18,0,0,322000,mid,0,0,0
496,Sid Draper ,18,0,0,331000,mid,0,0,0
497,Harry Charleson,18,0,0,230000,def,0,0,0
498,Charlie Edwards,19,0,0,230000,def,0,0,0
499,Edward Allan,20,56,56,437000,mid,2,0,0
500,Xavier O'Halloran,24,47.6,47.6,488000,fwd,17,0,0
501,Dan Butler,28,44.8,44.8,460000,fwd,16,0,0
502,Luke Pedlar,22,24.8,24.8,490000,fwd,4,0,0
503,Hugh Jackson,21,0,0,230000,mid,0,0,0
504,Tom Cochrane,18,0,0,230000,mid,0,0,0
505,Benny Barrett ,18,0,0,230000,mid,0,0,0
506,Christian Moraes,18,0,0,230000,mid,0,0,0
507,Hayden McLean,25,64.8,64.8,665000,fwd,23,0,0
508,Willie Rioli,29,52.7,52.7,541000,fwd,17,0,0
509,Jeremy Finlayson,28,56.8,56.8,583000,fwd,12,0,0
510,Tobie Travaglia,18,0,0,319000,def,0,0,0
511,Leonardo Lombard,18,0,0,316000,mid,0,0,0
512,Zak Evans,24,0,0,230000,mid,0,0,0
513,Karl Worner,22,36,36,315000,def,4,0,0
514,Jacob van Rooyen,21,57.1,57.1,586000,fwd,21,0,0
515,Malcolm Rosas,23,40.7,40.7,422000,fwd,7,0,0
516,Lachie Fogarty,25,50.7,50.7,521000,fwd,15,0,0
517,Josh Weddle,20,59.1,59.1,606000,def,23,0,0
518,Mabior Chol,27,59.4,59.4,609000,fwd,21,0,0
519,Deven Robertson,23,27,27,301000,fwd,2,0,0
520,Indhi Kirk,20,0,0,230000,mid,0,0,0
521,Tom Hanily,19,0,0,230000,mid,0,0,0
522,Jesse Dattoli,18,0,0,277000,fwd,0,0,0
523,William Hayes,18,0,0,230000,fwd,0,0,0
524,Rory Lobb,31,65.3,65.3,670000,def,15,0,0
525,Lewis Young,26,53.9,53.9,547000,def,8,0,0
526,Jake Kolodjashnij,29,59.1,59.1,607000,def,22,0,0
527,Taj Hotton,18,0,0,307000,fwd,0,0,0
528,Tyler Sonsie,21,44.7,44.7,459000,fwd,14,0,0
529,Mac Andrew,21,64.3,64.3,659000,def,20,0,0
530,Oliver Sestan,20,0,0,230000,fwd,0,0,0
531,Jack Petruccelle,25,48.3,48.3,495000,fwd,16,0,0
532,Shannon Neale,22,56.6,56.6,581000,fwd,13,0,0
533,Lucca Grego,18,0,0,230000,mid,0,0,0
534,Tom Gross,18,0,0,230000,mid,0,0,0
535,Lachlan Sullivan,27,46.5,46.5,477000,mid,10,0,0
536,Dougal Howard,28,50.1,50.1,514000,def,15,0,0
537,Lachlan McNeil,23,52.2,52.2,535000,fwd,11,0,0
538,Sam Sturt,24,48.3,48.3,496000,fwd,13,0,0
539,Phoenix Gothard,19,0,0,230000,fwd,0,0,0
540,Nathan Wardius,20,0,0,230000,fwd,0,0,0
541,Joel Amartey,25,48.6,48.6,499000,fwd,22,0,0
542,Andy Moniz-Wakefield,21,52.3,52.3,473000,def,6,0,0
543,Ted Clohesy,20,34,34,265000,fwd,2,0,0
544,Jackson Archer,21,43.8,43.8,449000,def,15,0,0
545,Calsher Dear,19,43.3,43.3,445000,fwd,15,0,0
546,Nate Caddy,19,53.1,53.1,545000,fwd,10,0,0
547,Logan Morris,19,43.4,43.4,445000,fwd,15,0,0
548,Charlie Spargo,25,36,36,340000,fwd,1,0,0
549,Tom Brown,21,49.3,49.3,506000,def,18,0,0
550,Hamish Davis,18,0,0,230000,fwd,0,0,0
551,Oleg Markov,28,45.8,45.8,469000,def,12,0,0
552,Jake Melksham,33,44,44,470000,fwd,8,0,0
553,Seamus Mitchell,22,34.8,34.8,357000,def,10,0,0
554,Ben McKay,27,54.2,54.2,556000,def,23,0,0
555,Shane McAdam,29,44.3,44.3,484000,fwd,3,0,0
556,Josh Sinn,21,53.8,53.8,452000,def,4,0,0
557,Harrison Oliver,18,0,0,286000,def,0,0,0
558,Josh Dolan,18,0,0,250000,fwd,0,0,0
559,Sam Davidson,23,0,0,230000,fwd,0,0,0
560,Angus Clarke ,18,0,0,230000,def,0,0,0
561,Luamon Lual,19,0,0,230000,def,0,0,0
562,Bo Allan ,18,0,0,295000,def,0,0,0
563,Rob Monahan,20,0,0,230000,fwd,0,0,0
564,Shadeau Brain,20,37.4,37.4,373000,def,9,0,0
565,Sam Taylor,25,51.5,51.5,528000,def,16,0,0
566,Jasper Scaife,20,0,0,230000,fwd,0,0,0
567,Harrison Petty,25,50.8,50.8,521000,fwd,20,0,0
568,Tyler Welsh,18,0,0,230000,fwd,0,0,0
569,Karl Gallagher,22,0,0,230000,def,0,0,0
570,Darcy Craven,20,0,0,230000,fwd,0,0,0
571,Will McLachlan,19,0,0,230000,fwd,0,0,0
572,Ty Gallop,18,0,0,230000,fwd,0,0,0
573,Jack Delean,19,0,0,230000,fwd,0,0,0
574,Jaren Carr,20,0,0,230000,fwd,0,0,0
575,Charlie Nicholls,18,0,0,241000,fwd,0,0,0
576,Charlie Ballard,25,50.3,50.3,515000,def,23,0,0
577,Robbie Fox,31,49.7,49.7,510000,def,16,0,0
578,Jacob Konstanty,20,0,0,230000,fwd,0,0,0
579,Ryan Maric,20,41,41,421000,fwd,19,0,0
580,Vigo Visentini,19,0,0,230000,ruck,0,0,0
581,Oliver Wiltshire,22,0,0,230000,fwd,0,0,0
582,Jay Polkinghorne,18,0,0,230000,fwd,0,0,0
583,Bailey Macdonald,20,0,0,377000,def,0,0,0
584,Keighton Matofai-Forbes,18,0,0,230000,fwd,0,0,0
585,Jye Menzie,22,38.4,38.4,394000,fwd,14,0,0
586,Sean Lemmens,30,52.3,52.3,424000,def,3,0,0
587,Anthony Scott,29,25,25,378000,fwd,2,0,0
588,Griffin Logue,26,49.5,49.5,404000,def,2,0,0
589,Callum M. Brown,24,41.5,41.5,426000,fwd,13,0,0
590,Sam Day,32,63,63,549000,fwd,5,0,0
591,Kynan Brown,19,8.5,8.5,230000,mid,2,0,0
592,Will Lorenz,19,25,25,230000,mid,1,0,0
593,Bodie Ryan,19,0,0,230000,def,0,0,0
594,Noah Mraz,18,0,0,238000,def,0,0,0
595,Matt Hill,20,0,0,230000,def,0,0,0
596,Brayden George,20,0,0,230000,fwd,0,0,0
597,Luke Lloyd,19,0,0,230000,fwd,0,0,0
598,Luke Beecken,23,0,0,230000,def,0,0,0
599,Billy Wilson,19,0,0,230000,def,0,0,0
600,Harry O'Farrell,18,0,0,230000,def,0,0,0
601,Liam O'Connell,21,0,0,230000,def,0,0,0
602,Matt Duffy,20,0,0,230000,def,0,0,0
603,Jordan Croft,19,0,0,230000,fwd,0,0,0
604,Asher Eastham,18,0,0,230000,fwd,0,0,0
605,Lachlan Gulbin ,18,0,0,230000,fwd,0,0,0
606,Ned Bowman,18,0,0,265000,fwd,0,0,0
607,Joe Fonti,20,38.3,38.3,322000,def,4,0,0
608,Laitham Vandermeer,25,44.6,44.6,458000,fwd,23,0,0
609,Lennox Hoffman,18,0,0,230000,def,0,0,0
610,Cillian Burke,21,0,0,230000,def,0,0,0
611,Darcy Gardiner,29,38.1,38.1,369000,fwd,7,0,0
612,Daniel Turner,22,42.3,42.3,434000,fwd,15,0,0
613,Toby Murray,21,0,0,230000,fwd,0,0,0
614,Caiden Cleary,19,28,28,244000,fwd,5,0,0
615,Lachie Jaques,18,0,0,256000,def,0,0,0
616,Jack Payne,25,51.9,51.9,533000,def,14,0,0
617,Harry Lemmey,20,0,0,230000,fwd,0,0,0
618,Oscar Ryan,19,0,0,230000,def,0,0,0
619,Aidan Johnson,24,0,0,230000,fwd,0,0,0
620,Lachie Jones,22,44.8,44.8,460000,def,18,0,0
621,Luke Cleary,22,43,43,335000,def,2,0,0
622,Finnbar Maley,21,0,0,230000,fwd,0,0,0
623,Odin Jones,19,0,0,230000,ruck,0,0,0
624,Lachlan Charleson,19,0,0,230000,fwd,0,0,0
625,Tom Anastasopoulos,19,0,0,230000,fwd,0,0,0
626,Joe Berry,18,0,0,298000,fwd,0,0,0
627,Jack Whitlock,18,0,0,244000,fwd,0,0,0
628,Jonty Faull,18,0,0,301000,fwd,0,0,0
629,Harry Armstrong ,18,0,0,274000,fwd,0,0,0
630,Jasper Alger ,18,0,0,230000,fwd,0,0,0
631,Daniel Curtin,19,32.1,32.1,300000,fwd,7,0,0
632,Darcy Moore,28,48.2,48.2,495000,def,23,0,0
633,Lance Collard,19,8,8,230000,fwd,3,0,0
634,Jy Farrar,28,0,0,265000,def,0,0,0
635,Ashton Moir,19,28,28,230000,fwd,2,0,0
636,Maurice Rioli,22,48.6,48.6,483000,fwd,9,0,0
637,Jed Bews,31,50.3,50.3,408000,def,3,0,0
638,Sam Collins,30,53.6,53.6,549000,def,23,0,0
639,Matthew Owies,27,48.9,48.9,501000,fwd,23,0,0
640,Matthew Jefferson,20,0,0,230000,fwd,0,0,0
641,Luker Kentfield,19,0,0,230000,fwd,0,0,0
642,Brandon Zerk-Thatcher,26,50.3,50.3,517000,def,23,0,0
643,Riley Bice,24,0,0,230000,def,0,0,0
644,Riak Andrew,19,0,0,230000,def,0,0,0
645,Blake Leidler,18,0,0,230000,def,0,0,0
646,Campbell Chesser,21,40.7,40.7,418000,mid,18,0,0
647,Ben Miller,25,54.5,54.5,559000,def,21,0,0
648,Harry Rowston,20,0,0,230000,mid,0,0,0
649,Seth Campbell,20,49.7,49.7,510000,fwd,21,0,0
650,Anthony Caminiti,21,47.9,47.9,492000,fwd,15,0,0
651,Aaron Cadman,20,43.8,43.8,449000,fwd,21,0,0
652,Luke Trainor,18,0,0,280000,def,0,0,0
653,Jacob Koschitzke,24,47.1,47.1,484000,fwd,14,0,0
654,Charlie West,18,0,0,230000,fwd,0,0,0
655,Wil Parker,22,36.4,36.4,317000,def,5,0,0
656,Jacob Moss,20,0,0,230000,def,0,0,0
657,Harvey Harrison,21,40.9,40.9,420000,fwd,12,0,0
658,Harry DeMattia,19,0,0,230000,mid,0,0,0
659,Joel Cochran,18,0,0,230000,def,0,0,0
660,Malakai Champion,18,0,0,230000,fwd,0,0,0
661,Jobe Shanahan,18,0,0,253000,fwd,0,0,0
662,Orazio Fantasia,29,35.1,35.1,361000,fwd,14,0,0
663,Riley Hardeman,19,43.3,43.3,351000,def,3,0,0
664,Thomas Sims ,18,0,0,259000,fwd,0,0,0
665,Liam Fawcett,19,0,0,230000,fwd,0,0,0
666,Campbell Gray,21,0,0,230000,def,0,0,0
667,Steely Green,20,39.3,39.3,355000,fwd,6,0,0
668,Bailey Humphrey,20,45.3,45.3,465000,fwd,21,0,0
669,Harvey Thomas,19,46.3,46.3,475000,fwd,22,0,0
670,Aidan Corr,30,49.8,49.8,511000,def,23,0,0
671,Sam De Koning,23,55,55,564000,def,19,0,0
672,Tyler Brockman,22,35.3,35.3,362000,fwd,10,0,0
673,Tom McCartin,25,45.5,45.5,467000,def,19,0,0
674,Archer Reid,19,0,0,230000,fwd,0,0,0
675,Mykelti Lefau,26,44.7,44.7,459000,fwd,10,0,0
676,Taj Woewodin,21,32.8,32.8,337000,def,16,0,0
677,Jesse Motlop,21,35.8,35.8,449000,fwd,6,0,0
678,Jacob Bauer,22,45.7,45.7,370000,fwd,3,0,0
679,Tyrell Dewar,20,34.6,34.6,323000,fwd,7,0,0
680,Cooper Harvey,20,0,0,321000,fwd,0,0,0
681,Sam Wicks,25,38.3,38.3,393000,fwd,16,0,0
682,Thomas Berry,24,49.2,49.2,505000,fwd,17,0,0
683,Caleb Mitchell,20,18,18,230000,mid,2,0,0
684,Jakob Ryan,20,0,0,230000,def,0,0,0
685,James O'Donnell,22,46.6,46.6,478000,def,13,0,0
686,Kaleb Smith,20,26.3,26.3,230000,def,4,0,0
687,Nick Murray,24,45.3,45.3,451000,def,9,0,0
688,Sam Butler,21,27,27,364000,fwd,2,0,0
689,Brayden Cook,22,41.5,41.5,425000,fwd,15,0,0
690,Patrick Voss,21,41.3,41.3,385000,fwd,7,0,0
691,Harry Edwards,24,40.9,40.9,407000,def,9,0,0
692,Elliott Himmelberg,26,50.9,50.9,506000,fwd,9,0,0
693,Charlie Dean,23,47.1,47.1,454000,def,8,0,0
694,Reef McInnes,22,32.6,32.6,324000,fwd,9,0,0
695,William McCabe,19,0,0,230000,def,0,0,0
696,Toby McMullin,20,41.6,41.6,427000,fwd,13,0,0
697,Jacob Blight,23,52,52,421000,def,3,0,0
698,Jack Hutchinson,23,41.3,41.3,385000,fwd,7,0,0
699,Oisin Mullin,24,39,39,400000,def,10,0,0
700,Lloyd Johnston,20,46.9,46.9,437000,fwd,7,0,0
701,James Tunstill,21,23.7,23.7,230000,fwd,3,0,0
702,Max Ramsden,21,34.3,34.3,278000,fwd,3,0,0
703,Joel Hamling,31,0,0,314000,fwd,0,0,0
704,Noah Long,20,43.6,43.6,434000,fwd,7,0,0
705,Liam Jones,33,51.4,51.4,527000,def,20,0,0
706,Corey Durdin,22,30.8,30.8,316000,fwd,13,0,0
707,Jack Williams,21,45.2,45.2,464000,fwd,18,0,0
708,Aaron Francis,27,49.6,49.6,433000,def,5,0,0
709,Angus Hastie,19,19.8,19.8,230000,mid,5,0,0
710,Isaac Keeler,20,0,0,230000,fwd,0,0,0
711,James Barrat,18,0,0,247000,def,0,0,0
712,Alixzander Tauru,18,0,0,313000,def,0,0,0
713,Lewis Hayes,20,0,0,230000,def,0,0,0
714,Corey Warner,21,28.5,28.5,257000,fwd,6,0,0
715,Wade Derksen,23,0,0,230000,fwd,0,0,0
716,Robert Hansen Jr,20,32.7,32.7,295000,fwd,6,0,0
717,Jai Serong,21,37.3,37.3,395000,def,4,0,0
718,Henry Smith,22,37.5,37.5,315000,fwd,4,0,0
719,Zane Duursma,19,36.4,36.4,373000,fwd,13,0,0
720,Jedd Busslinger,20,0,0,230000,def,0,0,0
721,Judson Clarke,21,17,17,297000,fwd,1,0,0
722,Chris Burgess,29,45.9,45.9,428000,fwd,7,0,0
723,Jed McEntee,23,34.2,34.2,351000,fwd,13,0,0
724,Alex Cincotta,28,41.9,41.9,430000,def,16,0,0
725,Oscar McDonald,28,38,38,285000,def,1,0,0
726,Buku Khamis,24,43.7,43.7,448000,def,17,0,0
727,Callum Coleman-Jones,25,26,26,408000,fwd,3,0,0
728,Matt Whitlock,18,0,0,262000,def,0,0,0
729,Tylar Young,26,39.1,39.1,389000,def,9,0,0
730,Alwyn Davey Jnr,20,27.7,27.7,284000,fwd,10,0,0
731,Brandon Ryan,27,19,19,290000,fwd,1,0,0
732,Zane Zakostelsky,19,0,0,230000,def,0,0,0
733,Ollie Murphy,19,0,0,230000,def,0,0,0
734,James Borlase,22,47.6,47.6,488000,def,10,0,0
735,Cooper Bell,18,0,0,230000,def,0,0,0
736,Leek Aleer,23,42.8,42.8,412000,def,8,0,0
737,Jake Rogers,19,35.6,35.6,354000,fwd,9,0,0
738,Xavier Walsh,19,0,0,230000,fwd,0,0,0
739,Sam Frost,31,37.4,37.4,384000,def,23,0,0
740,Joshua Draper,20,38.4,38.4,394000,def,20,0,0
741,William Edwards,21,0,0,230000,def,0,0,0
742,Patrick Snell,19,0,0,230000,def,0,0,0
743,Jordon Butts,25,42,42,431000,def,15,0,0
744,Jed Adams,20,0,0,230000,def,0,0,0
745,Ricky Mentha ,18,0,0,230000,def,0,0,0
746,Alex Pearce,29,49.5,49.5,508000,def,15,0,0
747,Ollie Lord,22,33.7,33.7,316000,fwd,6,0,0
748,Conor Stone,22,15.5,15.5,230000,fwd,4,0,0
749,Darragh Joyce,27,48,48,433000,def,6,0,0
750,Caleb Graham,24,0,0,252000,def,0,0,0
751,Arthur Jones,21,38,38,285000,fwd,1,0,0
752,Hugh Bond,20,36.4,36.4,340000,def,7,0,0
753,Kallan Dawson,26,38.9,38.9,399000,def,11,0,0
754,Esava Ratugolea,26,49.4,49.4,506000,def,20,0,0
755,Ash Johnson,27,18,18,371000,fwd,3,0,0
756,Max Gruzewski,20,17,17,230000,fwd,4,0,0
757,Cooper Simpson,19,23.5,23.5,230000,fwd,2,0,0
758,Tew Jiath,19,27,27,230000,def,1,0,0
759,Brynn Teakle,25,39.2,39.2,402000,fwd,11,0,0
760,Zaine Cordy,28,35.6,35.6,378000,def,8,0,0
761,Toby Pink,26,32.9,32.9,338000,fwd,15,0,0
762,Jed Walter,19,34.4,34.4,353000,fwd,14,0,0
763,Lewis Melican,28,38.2,38.2,392000,def,21,0,0
764,Harvey Johnston,19,28.8,28.8,260000,def,6,0,0
765,Connor O'Sullivan,19,40,40,300000,def,1,0,0
766,Rhett Bazzo,21,26,26,230000,def,1,0,0
767,Wil Dawson,19,24.3,24.3,230000,def,3,0,0
768,Jack Buller,23,0,0,230000,fwd,0,0,0
769,Josh Gibcus,21,25.5,25.5,230000,def,2,0,0
770,Zach Reid,22,17,17,230000,def,1,0,0
771,Loch Rawlinson,19,22,22,230000,fwd,1,0,0
772,Ethan Read,19,20.5,20.5,230000,fwd,4,0,0
773,Callum Jamieson,24,47.5,47.5,400000,def,4,0,0
774,Billy Frampton,28,37.2,37.2,382000,def,18,0,0
775,James Blanck,24,0,0,230000,def,0,0,0
776,Hugh Davies,20,16,16,230000,def,2,0,0
